證券代碼,年月日,流通在外股數(百萬股),董監持股數
1101 台泥,9/20/2019,"5,465","698,766"
1102 亞泥,9/20/2019,"3,361","975,222"
1103 嘉泥,9/20/2019,774,"132,529"
1104 環泥,9/20/2019,653,"157,716"
1108 幸福,9/20/2019,404,"13,411"
1109 信大,9/20/2019,341,"142,784"
1110 東泥,9/20/2019,572,"191,935"
1201 味全,9/20/2019,506,"73,648"
1203 味王,9/20/2019,240,"68,308"
1210 大成,9/20/2019,827,"100,016"
1215 卜蜂,9/20/2019,267,"26,803"
1216 統一,9/20/2019,"5,682","565,130"
1217 愛之味,9/20/2019,494,"34,222"
1218 泰山,9/20/2019,499,"10,190"
1219 福壽,9/20/2019,322,"34,762"
1220 台榮,9/20/2019,177,"38,426"
1225 福懋油,9/20/2019,218,"13,620"
1227 佳格,9/20/2019,915,"29,319"
1229 聯華,9/20/2019,"1,104","265,175"
1231 聯華食,9/20/2019,174,"39,236"
1232 大統益,9/20/2019,159,"108,667"
1233 天仁,9/20/2019,90,"12,002"
1234 黑松,9/20/2019,401,"59,139"
1235 興泰,9/20/2019,87,"41,948"
1236 宏亞,9/20/2019,108,"13,628"
1240 茂生農經,9/20/2019,33,"3,747"
1256 鮮活果汁-KY,9/20/2019,33,"19,335"
1258 其祥-KY,9/20/2019,36,"15,915"
1259 安心,9/20/2019,32,"19,780"
1262 綠悅-KY,9/20/2019,163,0
1264 德麥,9/20/2019,33,"7,908"
1268 漢來美食,9/20/2019,37,"6,183"
1301 台塑,9/20/2019,"6,365","949,363"
1303 南亞,9/20/2019,"7,930","1,446,960"
1304 台聚,9/20/2019,"1,188","173,777"
1305 華夏,9/20/2019,527,"131,591"
1307 三芳,9/20/2019,397,"152,474"
1308 亞聚,9/20/2019,554,"220,976"
1309 台達化,9/20/2019,334,"153,496"
1310 台苯,9/20/2019,527,"32,679"
1312 國喬,9/20/2019,906,"48,643"
1313 聯成,9/20/2019,"1,332","424,750"
1314 中石化,9/20/2019,"2,834","73,160"
1315 達新,9/20/2019,198,"50,356"
1316 上曜,9/20/2019,181,"24,703"
1319 東陽,9/20/2019,591,"151,827"
1321 大洋,9/20/2019,227,"14,127"
1323 永裕,9/20/2019,91,"11,084"
1324 地球,9/20/2019,75,"13,705"
1325 恒大,9/20/2019,85,"26,195"
1326 台化,9/20/2019,"5,861","335,456"
1333 恩得利,9/20/2019,74,"8,622"
1336 台翰,9/20/2019,85,"18,080"
1337 再生-KY,9/20/2019,268,"54,881"
1338 廣華-KY,9/20/2019,83,"14,498"
1339 昭輝,9/20/2019,74,"30,110"
1340 勝悅-KY,9/20/2019,152,0
1341 富林-KY,9/20/2019,49,"16,128"
1402 遠東新,9/20/2019,"5,352","1,439,935"
1409 新纖,9/20/2019,"1,618","94,580"
1410 南染,9/20/2019,72,"19,071"
1413 宏洲,9/20/2019,132,"45,433"
1414 東和,9/20/2019,220,"28,001"
1416 廣豐,9/20/2019,185,"15,417"
1417 嘉裕,9/20/2019,270,"49,324"
1418 東華,9/20/2019,56,"25,899"
1419 新紡,9/20/2019,300,"19,702"
1423 利華,9/20/2019,138,"23,591"
1432 大魯閣,9/20/2019,167,"17,352"
1434 福懋,9/20/2019,"1,684","649,838"
1435 中福,9/20/2019,139,"29,964"
1436 華友聯,9/20/2019,95,"16,583"
1437 勤益控,9/20/2019,203,"15,015"
1438 裕豐,9/20/2019,102,"12,188"
1439 中和,9/20/2019,92,"49,139"
1440 南紡,9/20/2019,"1,656","234,476"
1441 大東,9/20/2019,100,"21,386"
1442 名軒,9/20/2019,302,"15,477"
1443 立益,9/20/2019,135,"22,167"
1444 力麗,9/20/2019,957,"185,595"
1445 大宇,9/20/2019,132,"18,316"
1446 宏和,9/20/2019,137,"13,121"
1447 力鵬,9/20/2019,914,"201,490"
1449 佳和,9/20/2019,120,"32,818"
1451 年興,9/20/2019,198,"21,409"
1452 宏益,9/20/2019,132,"15,220"
1453 大將,9/20/2019,98,"28,284"
1454 台富,9/20/2019,134,"22,857"
1455 集盛,9/20/2019,611,"111,110"
1456 怡華,9/20/2019,93,"44,643"
1457 宜進,9/20/2019,301,"32,694"
1459 聯發,9/20/2019,358,"51,683"
1460 宏遠,9/20/2019,509,"142,420"
1463 強盛,9/20/2019,173,"24,174"
1464 得力,9/20/2019,384,"36,403"
1465 偉全,9/20/2019,103,"21,456"
1466 聚隆,9/20/2019,111,"19,857"
1467 南緯,9/20/2019,233,"78,955"
1468 昶和,9/20/2019,160,"54,886"
1470 大統新創,9/20/2019,85,"17,828"
1471 首利,9/20/2019,150,"19,174"
1472 三洋紡,9/20/2019,45,"5,002"
1473 台南,9/20/2019,147,"20,635"
1474 弘裕,9/20/2019,129,"11,985"
1475 本盟,9/20/2019,16,"5,066"
1476 儒鴻,9/20/2019,274,"65,777"
1477 聚陽,9/20/2019,219,"22,211"
1503 士電,9/20/2019,520,"136,597"
1504 東元,9/20/2019,"1,967","146,781"
1506 正道,9/20/2019,123,"8,009"
1507 永大,9/20/2019,410,"59,003"
1512 瑞利,9/20/2019,220,"22,908"
1513 中興電,9/20/2019,420,"37,452"
1514 亞力,9/20/2019,207,"29,262"
1515 力山,9/20/2019,181,"21,500"
1516 川飛,9/20/2019,33,"9,045"
1517 利奇,9/20/2019,227,"22,041"
1519 華城,9/20/2019,261,"48,879"
1521 大億,9/20/2019,76,"26,847"
1522 堤維西,9/20/2019,312,"26,105"
1524 耿鼎,9/20/2019,179,"47,800"
1525 江申,9/20/2019,73,"57,132"
1526 日馳,9/20/2019,60,"17,499"
1527 鑽全,9/20/2019,138,"21,286"
1528 恩德,9/20/2019,199,"42,186"
1529 樂士,9/20/2019,95,"25,972"
1530 亞崴,9/20/2019,96,"56,847"
1531 高林股,9/20/2019,185,"65,248"
1532 勤美,9/20/2019,385,"62,286"
1533 車王電,9/20/2019,98,"32,614"
1535 中宇,9/20/2019,123,"84,940"
1536 和大,9/20/2019,254,"31,308"
1537 廣隆,9/20/2019,81,"14,478"
1538 正峰新,9/20/2019,56,"5,441"
1539 巨庭,9/20/2019,65,"9,817"
1540 喬福,9/20/2019,85,"19,902"
1541 錩泰,9/20/2019,78,"30,452"
1558 伸興,9/20/2019,60,"6,749"
1560 中砂,9/20/2019,141,"29,340"
1565 精華,9/20/2019,50,"4,684"
1568 倉佑,9/20/2019,103,"18,818"
1569 濱川,9/20/2019,112,"18,306"
1570 力肯,9/20/2019,51,"6,899"
1580 新麥,9/20/2019,50,"5,787"
1582 信錦,9/20/2019,123,"11,219"
1583 程泰,9/20/2019,110,"54,904"
1584 精剛,9/20/2019,82,"24,403"
1586 和勤,9/20/2019,80,"10,345"
1587 吉茂,9/20/2019,67,"19,722"
1589 永冠-KY,9/20/2019,105,"14,612"
1590 亞德客-KY,9/20/2019,189,"8,777"
1591 駿吉-KY,9/20/2019,33,"6,347"
1592 英瑞-KY,9/20/2019,110,"53,420"
1593 祺驊,9/20/2019,31,"4,989"
1595 川寶,9/20/2019,47,"7,158"
1597 直得,9/20/2019,81,"10,999"
1598 岱宇,9/20/2019,96,"26,198"
1599 宏佳騰,9/20/2019,73,"5,104"
1603 華電,9/20/2019,191,"8,572"
1604 聲寶,9/20/2019,387,"23,319"
1605 華新,9/20/2019,"3,326","446,572"
1608 華榮,9/20/2019,632,"212,106"
1609 大亞,9/20/2019,595,"31,211"
1611 中電,9/20/2019,398,"33,952"
1612 宏泰,9/20/2019,316,"39,238"
1614 三洋電,9/20/2019,269,"92,042"
1615 大山,9/20/2019,111,"23,985"
1616 億泰,9/20/2019,194,"21,284"
1617 榮星,9/20/2019,144,"71,235"
1618 合機,9/20/2019,240,"85,202"
1626 艾美特-KY,9/20/2019,122,"12,597"
1701 中化,9/20/2019,298,"35,727"
1702 南僑,9/20/2019,294,"122,575"
1707 葡萄王,9/20/2019,136,"17,549"
1708 東鹼,9/20/2019,211,"30,407"
1709 和益,9/20/2019,502,"91,117"
1710 東聯,9/20/2019,885,"91,438"
1711 永光,9/20/2019,547,"109,903"
1712 興農,9/20/2019,420,"46,737"
1713 國化,9/20/2019,150,"21,111"
1714 和桐,9/20/2019,"1,016","98,651"
1717 長興,9/20/2019,"1,240","214,670"
1718 中纖,9/20/2019,"1,621","92,619"
1720 生達,9/20/2019,178,"35,452"
1721 三晃,9/20/2019,222,"29,415"
1722 台肥,9/20/2019,980,"235,986"
1723 中碳,9/20/2019,236,"80,546"
1724 台硝,9/20/2019,127,"57,866"
1725 元禎,9/20/2019,181,"26,714"
1726 永記,9/20/2019,162,"70,844"
1727 中華化,9/20/2019,110,"29,483"
1730 花仙子,9/20/2019,63,"14,521"
1731 美吾華,9/20/2019,132,"36,658"
1732 毛寶,9/20/2019,42,"9,986"
1733 五鼎,9/20/2019,99,"10,017"
1734 杏輝,9/20/2019,167,"25,771"
1735 日勝化,9/20/2019,99,"64,571"
1736 喬山,9/20/2019,303,"191,088"
1737 臺鹽,9/20/2019,200,"88,058"
1742 台蠟,9/20/2019,71,"15,320"
1752 南光,9/20/2019,100,"14,936"
1760 寶齡富錦,9/20/2019,76,"16,209"
1762 中化生,9/20/2019,77,"19,023"
1773 勝一,9/20/2019,150,"74,950"
1776 展宇,9/20/2019,69,"5,805"
1777 生泰,9/20/2019,30,"8,420"
1781 合世,9/20/2019,47,"6,296"
1783 和康生,9/20/2019,69,"8,534"
1784 訊聯,9/20/2019,49,"5,045"
1785 光洋科,9/20/2019,498,"17,626"
1786 科妍,9/20/2019,58,"7,970"
1787 福盈科,9/20/2019,67,"55,101"
1788 杏昌,9/20/2019,36,"9,923"
1789 神隆,9/20/2019,790,"509,202"
1795 美時,9/20/2019,243,"151,182"
1796 金穎生技,9/20/2019,27,"6,194"
1799 易威,9/20/2019,108,"37,881"
1802 台玻,9/20/2019,"2,908","1,260,824"
1805 寶徠,9/20/2019,80,"12,259"
1806 冠軍,9/20/2019,433,"26,706"
1808 潤隆,9/20/2019,308,"28,882"
1809 中釉,9/20/2019,167,"19,199"
1810 和成,9/20/2019,369,"33,917"
1813 寶利徠,9/20/2019,46,"15,265"
1815 富喬,9/20/2019,432,"72,082"
1817 凱撒衛,9/20/2019,72,"13,762"
1902 台紙,9/20/2019,402,"6,215"
1903 士紙,9/20/2019,260,"15,208"
1904 正隆,9/20/2019,"1,108","133,112"
1905 華紙,9/20/2019,"1,102","627,945"
1906 寶隆,9/20/2019,151,"52,839"
1907 永豐餘,9/20/2019,"1,660","96,063"
1909 榮成,9/20/2019,"1,167","420,299"
2002 中鋼,9/20/2019,"15,734","3,170,280"
2006 東和鋼鐵,9/20/2019,"1,004","195,727"
2007 燁興,9/20/2019,530,"387,238"
2008 高興昌,9/20/2019,200,"67,190"
2009 第一銅,9/20/2019,359,"159,799"
2010 春源,9/20/2019,647,"150,286"
2012 春雨,9/20/2019,287,"97,116"
2013 中鋼構,9/20/2019,200,"85,705"
2014 中鴻,9/20/2019,"1,435","582,673"
2015 豐興,9/20/2019,581,"82,444"
2017 官田鋼,9/20/2019,341,"93,986"
2020 美亞,9/20/2019,222,"37,173"
2022 聚亨,9/20/2019,479,"27,197"
2023 燁輝,9/20/2019,"1,913","60,657"
2024 志聯,9/20/2019,97,"24,990"
2025 千興,9/20/2019,281,"34,332"
2027 大成鋼,9/20/2019,"1,233","153,055"
2028 威致,9/20/2019,325,"67,598"
2029 盛餘,9/20/2019,321,"211,220"
2030 彰源,9/20/2019,286,"47,762"
2031 新光鋼,9/20/2019,310,"43,376"
2032 新鋼,9/20/2019,130,"35,412"
2033 佳大,9/20/2019,80,"9,810"
2034 允強,9/20/2019,407,"67,287"
2035 唐榮,9/20/2019,350,"158,178"
2038 海光,9/20/2019,181,"60,387"
2049 上銀,9/20/2019,309,"40,701"
2059 川湖,9/20/2019,95,"16,636"
2061 風青,9/20/2019,58,"12,258"
2062 橋椿,9/20/2019,163,"30,052"
2063 世鎧,9/20/2019,45,"11,590"
2064 晉椿,9/20/2019,70,"11,586"
2065 世豐,9/20/2019,32,"4,409"
2066 世德,9/20/2019,36,"11,860"
2067 嘉鋼,9/20/2019,45,"12,336"
2069 運錩,9/20/2019,157,"11,722"
2070 精湛,9/20/2019,36,"8,533"
2101 南港,9/20/2019,833,"33,397"
2102 泰豐,9/20/2019,473,"40,160"
2103 台橡,9/20/2019,825,"144,973"
2104 國際中橡,9/20/2019,984,"188,445"
2105 正新,9/20/2019,"3,241","385,574"
2106 建大,9/20/2019,874,"231,923"
2107 厚生,9/20/2019,350,"56,608"
2108 南帝,9/20/2019,492,"180,994"
2109 華豐,9/20/2019,332,"48,009"
2114 鑫永銓,9/20/2019,70,"12,883"
2115 六暉-KY,9/20/2019,86,"6,316"
2201 裕隆,9/20/2019,"1,572","564,417"
2204 中華,9/20/2019,"1,384","725,782"
2206 三陽工業,9/20/2019,853,"63,932"
2207 和泰車,9/20/2019,546,"104,208"
2208 台船,9/20/2019,472,"236,742"
2221 大甲,9/20/2019,42,"23,983"
2227 裕日車,9/20/2019,300,"263,500"
2228 劍麟,9/20/2019,75,"19,621"
2230 泰茂,9/20/2019,39,"8,722"
2231 為升,9/20/2019,122,"29,316"
2233 宇隆,9/20/2019,60,"5,984"
2235 謚源,9/20/2019,35,"12,128"
2236 百達-KY,9/20/2019,44,"11,440"
2239 英利-KY,9/20/2019,118,"46,100"
2243 宏旭-KY,9/20/2019,43,"12,225"
2301 光寶科,9/20/2019,"2,350","139,160"
2302 麗正,9/20/2019,166,"44,288"
2303 聯電,9/20/2019,"11,724","779,214"
2305 全友,9/20/2019,205,"64,402"
2308 台達電,9/20/2019,"2,597","190,941"
2312 金寶,9/20/2019,"1,452","86,194"
2313 華通,9/20/2019,"1,191","116,014"
2314 台揚,9/20/2019,228,"64,048"
2316 楠梓電,9/20/2019,225,"31,627"
2317 鴻海,9/20/2019,"13,862","1,346,267"
2321 東訊,9/20/2019,148,"46,567"
2323 中環,9/20/2019,"1,726","161,733"
2324 仁寶,9/20/2019,"4,407","237,082"
2327 國巨,9/20/2019,427,"38,204"
2328 廣宇,9/20/2019,518,"23,200"
2329 華泰,9/20/2019,552,"18,563"
2330 台積電,9/20/2019,"25,930","1,709,755"
2331 精英,9/20/2019,557,"70,067"
2332 友訊,9/20/2019,651,"50,564"
2337 旺宏,9/20/2019,"1,840","49,568"
2338 光罩,9/20/2019,252,"14,980"
2340 光磊,9/20/2019,445,"30,415"
2342 茂矽,9/20/2019,156,"24,453"
2344 華邦電,9/20/2019,"3,980","959,955"
2345 智邦,9/20/2019,557,"9,915"
2347 聯強,9/20/2019,"1,667","305,435"
2348 海悅,9/20/2019,85,"15,200"
2349 錸德,9/20/2019,"1,284","32,091"
2351 順德,9/20/2019,182,"22,501"
2352 佳世達,9/20/2019,"1,966","345,869"
2353 宏碁,9/20/2019,"3,074","127,935"
2354 鴻準,9/20/2019,"1,414","85,056"
2355 敬鵬,9/20/2019,397,"49,125"
2356 英業達,9/20/2019,"3,587","381,093"
2357 華碩,9/20/2019,742,"42,112"
2358 廷鑫,9/20/2019,94,"11,803"
2359 所羅門,9/20/2019,171,"31,264"
2360 致茂,9/20/2019,419,"21,208"
2362 藍天,9/20/2019,669,"63,458"
2363 矽統,9/20/2019,554,"124,767"
2364 倫飛,9/20/2019,198,"37,172"
2365 昆盈,9/20/2019,234,"18,300"
2367 燿華,9/20/2019,619,"39,908"
2368 金像電,9/20/2019,546,"142,148"
2369 菱生,9/20/2019,380,"17,370"
2371 大同,9/20/2019,"2,339","160,802"
2373 震旦行,9/20/2019,236,"125,460"
2374 佳能,9/20/2019,282,"16,916"
2375 智寶,9/20/2019,91,"11,931"
2376 技嘉,9/20/2019,635,"68,836"
2377 微星,9/20/2019,844,"118,418"
2379 瑞昱,9/20/2019,508,"35,269"
2380 虹光,9/20/2019,208,"13,107"
2382 廣達,9/20/2019,"3,862","503,703"
2383 台光電,9/20/2019,319,"30,737"
2385 群光,9/20/2019,738,"96,178"
2387 精元,9/20/2019,196,"60,764"
2388 威盛,9/20/2019,493,"46,705"
2390 云辰,9/20/2019,214,"62,649"
2392 正崴,9/20/2019,512,"103,686"
2393 億光,9/20/2019,443,"32,798"
2395 研華,9/20/2019,699,"128,007"
2397 友通,9/20/2019,114,"67,344"
2399 映泰,9/20/2019,178,"21,907"
2401 凌陽,9/20/2019,591,"102,776"
2402 毅嘉,9/20/2019,307,"20,775"
2404 漢唐,9/20/2019,190,"13,721"
2405 浩鑫,9/20/2019,343,"23,023"
2406 國碩,9/20/2019,339,"17,827"
2408 南亞科,9/20/2019,"3,072","915,893"
2409 友達,9/20/2019,"9,624","16,652"
2412 中華電,9/20/2019,"7,757","2,737,719"
2413 環科,9/20/2019,127,"47,666"
2414 精技,9/20/2019,161,"29,869"
2415 錩新,9/20/2019,80,"11,423"
2417 圓剛,9/20/2019,192,"17,548"
2419 仲琦,9/20/2019,228,"16,230"
2420 新巨,9/20/2019,152,"35,464"
2421 建準,9/20/2019,250,"18,856"
2423 固緯,9/20/2019,145,"47,183"
2424 隴華,9/20/2019,30,"10,820"
2425 承啟,9/20/2019,101,"29,713"
2426 鼎元,9/20/2019,300,"22,404"
2427 三商電,9/20/2019,184,"98,551"
2428 興勤,9/20/2019,128,"27,235"
2429 銘旺科,9/20/2019,33,"15,282"
2430 燦坤,9/20/2019,166,"52,426"
2431 聯昌,9/20/2019,110,"40,135"
2433 互盛電,9/20/2019,144,"89,206"
2434 統懋,9/20/2019,70,"20,108"
2436 偉詮電,9/20/2019,178,"13,961"
2438 翔耀,9/20/2019,95,"43,790"
2439 美律,9/20/2019,207,"17,849"
2440 太空梭,9/20/2019,139,"58,267"
2441 超豐,9/20/2019,568,"249,888"
2442 新美齊,9/20/2019,263,"72,125"
2443 新利虹,9/20/2019,145,"13,272"
2444 兆勁,9/20/2019,105,82
2448 晶電,9/20/2019,"1,088","1,731"
2449 京元電子,9/20/2019,"1,222","101,230"
2450 神腦,9/20/2019,258,"86,606"
2451 創見,9/20/2019,430,"16,773"
2453 凌群,9/20/2019,100,"21,937"
2454 聯發科,9/20/2019,"1,589","45,766"
2455 全新,9/20/2019,184,"13,248"
2456 奇力新,9/20/2019,243,"26,971"
2457 飛宏,9/20/2019,337,"58,577"
2458 義隆,9/20/2019,303,"12,165"
2459 敦吉,9/20/2019,105,"27,139"
2460 建通,9/20/2019,169,"57,750"
2461 光群雷,9/20/2019,159,"12,444"
2462 良得電,9/20/2019,142,"56,127"
2464 盟立,9/20/2019,195,"26,432"
2465 麗臺,9/20/2019,53,"1,279"
2466 冠西電,9/20/2019,156,"16,118"
2467 志聖,9/20/2019,149,"6,295"
2468 華經,9/20/2019,69,"47,230"
2471 資通,9/20/2019,47,"7,501"
2472 立隆電,9/20/2019,129,"20,926"
2474 可成,9/20/2019,770,"31,646"
2476 鉅祥,9/20/2019,184,"23,824"
2477 美隆電,9/20/2019,198,"59,705"
2478 大毅,9/20/2019,193,"35,560"
2480 敦陽科,9/20/2019,106,"8,540"
2481 強茂,9/20/2019,369,"66,875"
2482 連宇,9/20/2019,62,"19,856"
2483 百容,9/20/2019,110,"20,527"
2484 希華,9/20/2019,159,"14,088"
2485 兆赫,9/20/2019,317,"36,203"
2486 一詮,9/20/2019,201,"36,475"
2488 漢平,9/20/2019,79,"15,548"
2489 瑞軒,9/20/2019,809,"58,875"
2491 吉祥全,9/20/2019,82,"21,300"
2492 華新科,9/20/2019,485,"138,601"
2493 揚博,9/20/2019,114,"14,789"
2495 普安,9/20/2019,276,"39,190"
2496 卓越,9/20/2019,17,"3,434"
2497 怡利電,9/20/2019,118,"29,413"
2498 宏達電,9/20/2019,818,"55,260"
2499 東貝,9/20/2019,461,"47,529"
2501 國建,9/20/2019,"1,159","33,050"
2504 國產,9/20/2019,"1,385","140,608"
2505 國揚,9/20/2019,696,"51,742"
2506 太設,9/20/2019,387,"20,483"
2509 全坤建,9/20/2019,204,"29,124"
2511 太子,9/20/2019,"1,623","427,350"
2514 龍邦,9/20/2019,505,"113,517"
2515 中工,9/20/2019,"1,530","176,074"
2516 新建,9/20/2019,226,"16,679"
2520 冠德,9/20/2019,503,"96,305"
2524 京城,9/20/2019,384,"51,039"
2527 宏璟,9/20/2019,270,"74,879"
2528 皇普,9/20/2019,277,"133,998"
2530 華建,9/20/2019,270,"28,241"
2534 宏盛,9/20/2019,740,"73,829"
2535 達欣工,9/20/2019,296,"22,021"
2536 宏普,9/20/2019,332,"111,344"
2537 聯上發,9/20/2019,300,"68,629"
2538 基泰,9/20/2019,438,"26,904"
2539 櫻花建,9/20/2019,461,"96,784"
2540 愛山林,9/20/2019,146,"68,071"
2542 興富發,9/20/2019,"1,166","64,007"
2543 皇昌,9/20/2019,241,"119,947"
2545 皇翔,9/20/2019,327,"100,489"
2546 根基,9/20/2019,106,"36,248"
2547 日勝生,9/20/2019,912,"117,989"
2548 華固,9/20/2019,276,"44,165"
2596 綠意,9/20/2019,100,"51,260"
2597 潤弘,9/20/2019,135,"13,441"
2601 益航,9/20/2019,630,"66,257"
2603 長榮,9/20/2019,"4,512","464,531"
2605 新興,9/20/2019,585,"30,074"
2606 裕民,9/20/2019,845,"341,739"
2607 榮運,9/20/2019,"1,067","521,012"
2608 嘉里大榮,9/20/2019,467,"42,631"
2609 陽明,9/20/2019,"2,601","1,281,180"
2610 華航,9/20/2019,"5,420","2,387,093"
2611 志信,9/20/2019,175,"59,127"
2612 中航,9/20/2019,197,"41,882"
2613 中櫃,9/20/2019,148,"68,905"
2614 東森,9/20/2019,556,"30,954"
2615 萬海,9/20/2019,"2,218","93,792"
2616 山隆,9/20/2019,137,"36,697"
2617 台航,9/20/2019,417,"161,176"
2618 長榮航,9/20/2019,"4,853","1,300,363"
2630 亞航,9/20/2019,120,"99,785"
2633 台灣高鐵,9/20/2019,"5,628","3,468,527"
2634 漢翔,9/20/2019,941,"342,365"
2636 台驊投控,9/20/2019,117,"13,845"
2637 慧洋-KY,9/20/2019,646,"201,341"
2640 大車隊,9/20/2019,53,"17,243"
2641 正德,9/20/2019,151,"33,109"
2642 宅配通,9/20/2019,95,"49,459"
2643 捷迅,9/20/2019,26,"11,232"
2701 萬企,9/20/2019,449,"89,812"
2702 華園,9/20/2019,110,"21,529"
2704 國賓,9/20/2019,366,"73,958"
2705 六福,9/20/2019,339,"48,692"
2706 第一店,9/20/2019,499,"99,040"
2707 晶華,9/20/2019,127,"14,264"
2712 遠雄來,9/20/2019,105,"54,539"
2718 晶悅,9/20/2019,42,"10,958"
2719 燦星旅,9/20/2019,36,"19,174"
2722 夏都,9/20/2019,111,"61,639"
2723 美食-KY,9/20/2019,180,"82,323"
2724 富驛-KY,9/20/2019,68,"42,364"
2726 雅茗-KY,9/20/2019,34,"11,553"
2727 王品,9/20/2019,76,"7,497"
2729 瓦城,9/20/2019,23,"10,738"
2731 雄獅,9/20/2019,70,"15,064"
2732 六角,9/20/2019,40,"12,301"
2734 易飛網,9/20/2019,30,"12,854"
2736 高野,9/20/2019,48,"13,612"
2739 寒舍,9/20/2019,111,"45,756"
2740 天蔥,9/20/2019,17,"2,351"
2745 五福,9/20/2019,29,"10,311"
2748 雲品,9/20/2019,65,"45,505"
2801 彰銀,9/20/2019,"9,985","3,841,836"
2809 京城銀,9/20/2019,"1,141","39,399"
2812 台中銀,9/20/2019,"3,708","299,638"
2816 旺旺保,9/20/2019,212,"44,467"
2820 華票,9/20/2019,"1,342","458,776"
2823 中壽,9/20/2019,"4,463","1,168,592"
2832 台產,9/20/2019,362,"88,767"
2834 臺企銀,9/20/2019,"7,131","1,480,859"
2836 高雄銀,9/20/2019,"1,080","581,754"
2838 聯邦銀,9/20/2019,"2,884","427,874"
2841 台開,9/20/2019,760,"33,486"
2845 遠東銀,9/20/2019,"3,355","255,310"
2849 安泰銀,9/20/2019,"1,818","381,551"
2850 新產,9/20/2019,315,"22,681"
2851 中再保,9/20/2019,590,"327,815"
2852 第一保,9/20/2019,301,"55,726"
2855 統一證,9/20/2019,"1,372","104,497"
2867 三商壽,9/20/2019,"2,371","984,650"
2880 華南金,9/20/2019,"12,172","3,074,334"
2881 富邦金,9/20/2019,"10,233","2,206,255"
2882 國泰金,9/20/2019,"12,563","194,804"
2883 開發金,9/20/2019,"14,966","217,484"
2884 玉山金,9/20/2019,"11,619","287,644"
2885 元大金,9/20/2019,"11,686","540,398"
2886 兆豐金,9/20/2019,"13,599","2,799,704"
2887 台新金,9/20/2019,"10,656","431,338"
2888 新光金,9/20/2019,"12,600","1,052,620"
2889 國票金,9/20/2019,"2,819","190,792"
2890 永豐金,9/20/2019,"11,271","640,160"
2891 中信金,9/20/2019,"19,496","196,441"
2892 第一金,9/20/2019,"12,461","2,367,505"
2897 王道銀行,9/20/2019,"2,413","607,801"
2901 欣欣,9/20/2019,73,"35,620"
2903 遠百,9/20/2019,"1,416","325,445"
2904 匯僑,9/20/2019,69,"29,392"
2905 三商,9/20/2019,826,"290,793"
2906 高林,9/20/2019,209,"62,872"
2908 特力,9/20/2019,509,"67,366"
2910 統領,9/20/2019,208,"40,766"
2911 麗嬰房,9/20/2019,196,"33,918"
2912 統一超,9/20/2019,"1,039","477,173"
2913 農林,9/20/2019,790,"190,888"
2915 潤泰全,9/20/2019,564,"57,460"
2916 滿心,9/20/2019,54,"21,076"
2923 鼎固-KY,9/20/2019,"1,740","1,018,016"
2924 東凌-KY,9/20/2019,32,"11,569"
2926 誠品生活,9/20/2019,47,"25,110"
2928 紅馬-KY,9/20/2019,47,"2,793"
2929 淘帝-KY,9/20/2019,82,0
2936 客思達-KY,9/20/2019,76,"26,352"
2937 集雅社,9/20/2019,32,"11,532"
2939 凱羿-KY,9/20/2019,47,"23,389"
3002 歐格,9/20/2019,102,"28,275"
3003 健和興,9/20/2019,155,"16,538"
3004 豐達科,9/20/2019,52,"24,777"
3005 神基,9/20/2019,580,"203,421"
3006 晶豪科,9/20/2019,285,"15,390"
3008 大立光,9/20/2019,134,"27,812"
3010 華立,9/20/2019,231,"26,148"
3011 今皓,9/20/2019,112,"15,040"
3013 晟銘電,9/20/2019,162,"36,958"
3014 聯陽,9/20/2019,161,"16,845"
3015 全漢,9/20/2019,192,"42,973"
3016 嘉晶,9/20/2019,274,"181,542"
3017 奇鋐,9/20/2019,353,"70,817"
3018 同開,9/20/2019,73,"6,187"
3019 亞光,9/20/2019,281,"20,379"
3021 鴻名,9/20/2019,95,"26,354"
3022 威強電,9/20/2019,177,"43,842"
3023 信邦,9/20/2019,232,"20,687"
3024 憶聲,9/20/2019,277,"48,564"
3025 星通,9/20/2019,70,"10,101"
3026 禾伸堂,9/20/2019,157,"16,927"
3027 盛達,9/20/2019,98,"17,475"
3028 增你強,9/20/2019,213,"25,663"
3029 零壹,9/20/2019,124,"15,364"
3030 德律,9/20/2019,236,"44,599"
3031 佰鴻,9/20/2019,186,"89,523"
3032 偉訓,9/20/2019,113,"32,018"
3033 威健,9/20/2019,367,"44,104"
3034 聯詠,9/20/2019,608,"27,990"
3035 智原,9/20/2019,248,"34,752"
3036 文曄,9/20/2019,590,"42,367"
3037 欣興,9/20/2019,"1,504","221,459"
3038 全台,9/20/2019,162,"31,314"
3040 遠見,9/20/2019,63,"14,044"
3041 揚智,9/20/2019,302,"1,424"
3042 晶技,9/20/2019,309,"20,410"
3043 科風,9/20/2019,194,"3,351"
3044 健鼎,9/20/2019,525,"26,609"
3045 台灣大,9/20/2019,"3,494","206,246"
3046 建碁,9/20/2019,71,"28,985"
3047 訊舟,9/20/2019,186,"12,250"
3048 益登,9/20/2019,222,"45,149"
3049 和鑫,9/20/2019,806,"57,072"
3050 鈺德,9/20/2019,145,"33,909"
3051 力特,9/20/2019,325,"40,989"
3052 夆典,9/20/2019,228,"16,466"
3054 立萬利,9/20/2019,88,"46,140"
3055 蔚華科,9/20/2019,102,"20,031"
3056 總太,9/20/2019,209,"45,767"
3057 喬鼎,9/20/2019,161,"5,741"
3058 立德,9/20/2019,164,"12,589"
3059 華晶科,9/20/2019,274,"14,854"
3060 銘異,9/20/2019,139,"9,878"
3062 建漢,9/20/2019,328,"20,297"
3064 泰偉,9/20/2019,84,"19,712"
3066 李洲,9/20/2019,83,"22,633"
3067 全域,9/20/2019,29,"15,868"
3071 協禧,9/20/2019,120,"45,856"
3073 凱柏實業,9/20/2019,46,"24,767"
3078 僑威,9/20/2019,227,"23,182"
3081 聯亞,9/20/2019,90,"7,664"
3083 網龍,9/20/2019,85,"45,652"
3085 新零售,9/20/2019,118,"23,270"
3086 華義,9/20/2019,61,"23,000"
3088 艾訊,9/20/2019,79,"22,525"
3089 元炬,9/20/2019,60,"15,159"
3090 日電貿,9/20/2019,178,"12,095"
3092 鴻碩,9/20/2019,74,"14,205"
3093 港建,9/20/2019,36,"25,329"
3094 聯傑,9/20/2019,84,"8,118"
3095 及成,9/20/2019,109,"28,741"
3105 穩懋,9/20/2019,424,"26,715"
3114 好德,9/20/2019,56,"11,453"
3115 寶島極,9/20/2019,43,"11,973"
3118 進階,9/20/2019,32,"5,384"
3122 笙泉,9/20/2019,39,"5,640"
3128 昇銳,9/20/2019,42,"8,279"
3130 一零四,9/20/2019,33,"7,304"
3131 弘塑,9/20/2019,29,"6,731"
3141 晶宏,9/20/2019,63,"1,976"
3144 新揚科,9/20/2019,100,"53,413"
3147 大綜,9/20/2019,34,"5,001"
3149 正達,9/20/2019,206,"24,120"
3152 璟德,9/20/2019,69,"15,191"
3162 精確,9/20/2019,126,"55,900"
3163 波若威,9/20/2019,75,"11,843"
3164 景岳,9/20/2019,88,"12,262"
3167 大量,9/20/2019,80,"11,315"
3169 亞信,9/20/2019,54,"1,714"
3171 新洲,9/20/2019,59,"26,273"
3176 基亞,9/20/2019,138,"23,614"
3178 公準,9/20/2019,45,"17,321"
3188 鑫龍騰,9/20/2019,90,"43,026"
3189 景碩,9/20/2019,451,"115,420"
3191 和進,9/20/2019,57,"1,921"
3202 樺晟,9/20/2019,115,"11,046"
3205 佰研,9/20/2019,32,"3,671"
3206 志豐,9/20/2019,53,"12,531"
3207 耀勝,9/20/2019,43,"5,618"
3209 全科,9/20/2019,172,"20,635"
3211 順達,9/20/2019,147,"13,476"
3213 茂訊,9/20/2019,58,"6,298"
3217 優群,9/20/2019,82,"11,653"
3218 大學光,9/20/2019,76,"6,752"
3219 倚強股份,9/20/2019,14,"5,331"
3221 台嘉碩,9/20/2019,102,"16,386"
3224 三顧,9/20/2019,58,"9,386"
3226 至寶電,9/20/2019,64,"39,318"
3227 原相,9/20/2019,137,"7,693"
3228 金麗科,9/20/2019,67,"10,490"
3229 晟鈦,9/20/2019,93,"27,627"
3230 錦明,9/20/2019,107,"17,811"
3231 緯創,9/20/2019,"2,840","83,176"
3232 昱捷,9/20/2019,36,"8,980"
3234 光環,9/20/2019,76,"3,073"
3236 千如,9/20/2019,92,"16,190"
3252 海灣,9/20/2019,50,"7,513"
3257 虹冠電,9/20/2019,69,"10,320"
3259 鑫創,9/20/2019,80,"16,767"
3260 威剛,9/20/2019,219,"12,202"
3264 欣銓,9/20/2019,490,"67,528"
3265 台星科,9/20/2019,136,"71,266"
3266 昇陽,9/20/2019,352,"45,820"
3268 海德威,9/20/2019,33,"4,458"
3272 東碩,9/20/2019,52,"13,323"
3276 宇環,9/20/2019,69,"31,462"
3284 太普高,9/20/2019,55,"6,598"
3285 微端,9/20/2019,44,"9,749"
3287 廣寰科,9/20/2019,43,"17,987"
3288 點晶,9/20/2019,22,"2,862"
3289 宜特,9/20/2019,93,"5,407"
3290 東浦,9/20/2019,99,"10,248"
3293 鈊象,9/20/2019,70,"9,743"
3294 英濟,9/20/2019,132,"57,840"
3296 勝德,9/20/2019,98,"11,929"
3297 杭特,9/20/2019,36,"8,145"
3303 岱稜,9/20/2019,96,"17,956"
3305 昇貿,9/20/2019,119,"17,202"
3306 鼎天,9/20/2019,50,"18,650"
3308 聯德,9/20/2019,98,"30,049"
3310 佳穎,9/20/2019,50,"22,802"
3311 閎暉,9/20/2019,179,"60,757"
3312 弘憶股,9/20/2019,118,"25,369"
3313 斐成,9/20/2019,83,"16,800"
3317 尼克森,9/20/2019,61,"6,442"
3321 同泰,9/20/2019,117,"45,560"
3322 建舜電,9/20/2019,98,"17,314"
3323 加百裕,9/20/2019,83,"9,397"
3324 雙鴻,9/20/2019,84,"16,772"
3325 旭品,9/20/2019,74,"9,152"
3332 幸康,9/20/2019,48,"18,848"
3338 泰碩,9/20/2019,86,"17,392"
3339 泰谷,9/20/2019,96,"13,328"
3346 麗清,9/20/2019,75,"14,896"
3354 律勝,9/20/2019,70,"26,456"
3356 奇偶,9/20/2019,89,"13,158"
3360 尚立,9/20/2019,68,"5,964"
3362 先進光,9/20/2019,111,"21,358"
3363 上詮,9/20/2019,90,"8,440"
3372 典範,9/20/2019,406,"29,830"
3373 熱映,9/20/2019,43,"18,539"
3374 精材,9/20/2019,271,"111,282"
3376 新日興,9/20/2019,179,"26,195"
3379 彬台,9/20/2019,38,"11,866"
3380 明泰,9/20/2019,542,"210,786"
3383 新世紀,9/20/2019,307,"25,155"
3388 崇越電,9/20/2019,74,"25,862"
3390 旭軟,9/20/2019,66,"13,682"
3402 漢科,9/20/2019,73,"15,385"
3406 玉晶光,9/20/2019,100,"14,706"
3413 京鼎,9/20/2019,82,"6,678"
3416 融程電,9/20/2019,72,"33,221"
3419 譁裕,9/20/2019,120,"22,193"
3426 台興,9/20/2019,26,"12,981"
3432 台端,9/20/2019,66,"12,248"
3434 哲固,9/20/2019,22,"5,463"
3437 榮創,9/20/2019,144,"10,864"
3438 類比科,9/20/2019,67,"28,459"
3441 聯一光,9/20/2019,40,"5,481"
3443 創意,9/20/2019,134,"46,688"
3444 利機,9/20/2019,39,"8,479"
3450 聯鈞,9/20/2019,145,"11,247"
3452 益通,9/20/2019,319,"95,061"
3454 晶睿,9/20/2019,86,"45,371"
3455 由田,9/20/2019,61,"7,021"
3465 進泰電子,9/20/2019,21,"9,027"
3466 致振,9/20/2019,60,"9,134"
3479 安勤,9/20/2019,70,"19,549"
3481 群創,9/20/2019,"9,952","176,461"
3483 力致,9/20/2019,57,"3,912"
3484 崧騰,9/20/2019,69,"6,176"
3489 森寶,9/20/2019,83,"56,301"
3490 單井,9/20/2019,63,"4,795"
3491 昇達科,9/20/2019,60,"6,073"
3492 長盛,9/20/2019,35,"13,792"
3494 誠研,9/20/2019,179,"45,736"
3498 陽程,9/20/2019,64,"10,251"
3499 環天科,9/20/2019,54,"12,595"
3501 維熹,9/20/2019,118,"27,310"
3504 揚明光,9/20/2019,114,"46,510"
3508 位速,9/20/2019,102,"7,187"
3511 矽瑪,9/20/2019,49,"9,305"
3512 皇龍,9/20/2019,71,"33,773"
3515 華擎,9/20/2019,120,"57,218"
3516 亞帝歐,9/20/2019,51,"11,903"
3518 柏騰,9/20/2019,80,"8,304"
3520 振維,9/20/2019,38,"6,734"
3521 鴻翊,9/20/2019,46,"10,413"
3522 御頂,9/20/2019,72,"9,497"
3523 迎輝,9/20/2019,72,"14,172"
3526 凡甲,9/20/2019,64,"7,082"
3527 聚積,9/20/2019,40,"7,869"
3528 安馳,9/20/2019,65,"6,369"
3529 力旺,9/20/2019,75,"6,539"
3530 晶相光,9/20/2019,78,"18,676"
3531 先益,9/20/2019,61,"10,231"
3532 台勝科,9/20/2019,387,"289,451"
3533 嘉澤,9/20/2019,103,"20,952"
3535 晶彩科,9/20/2019,79,"14,380"
3536 誠創,9/20/2019,106,"25,638"
3537 堡達,9/20/2019,48,"7,706"
3540 曜越,9/20/2019,66,"12,973"
3541 西柏,9/20/2019,49,"6,263"
3545 敦泰,9/20/2019,299,"16,045"
3546 宇峻,9/20/2019,41,"4,504"
3548 兆利,9/20/2019,60,"9,050"
3550 聯穎,9/20/2019,85,"10,230"
3551 世禾,9/20/2019,56,"9,191"
3552 同致,9/20/2019,85,"15,917"
3555 重鵬,9/20/2019,35,"9,153"
3556 禾瑞亞,9/20/2019,59,"6,843"
3557 嘉威,9/20/2019,92,"30,686"
3558 神準,9/20/2019,49,"19,767"
3562 頂晶科,9/20/2019,78,"24,934"
3563 牧德,9/20/2019,42,"4,375"
3564 其陽,9/20/2019,59,"37,590"
3567 逸昌,9/20/2019,34,"2,450"
3570 大塚,9/20/2019,17,"7,208"
3576 聯合再生,9/20/2019,"2,515","344,367"
3577 泓格,9/20/2019,52,"11,226"
3580 友威科,9/20/2019,39,"2,873"
3581 博磊,9/20/2019,51,"7,140"
3583 辛耘,9/20/2019,81,"9,871"
3587 閎康,9/20/2019,62,"16,029"
3588 通嘉,9/20/2019,46,"6,234"
3591 艾笛森,9/20/2019,125,"9,300"
3593 力銘,9/20/2019,73,"14,485"
3594 磐儀,9/20/2019,64,"10,607"
3596 智易,9/20/2019,193,"41,309"
3605 宏致,9/20/2019,122,"19,166"
3607 谷崧,9/20/2019,121,"16,287"
3609 東林,9/20/2019,30,"5,980"
3611 鼎翰,9/20/2019,42,"16,639"
3615 安可,9/20/2019,68,"14,564"
3617 碩天,9/20/2019,80,"21,123"
3622 洋華,9/20/2019,151,"39,782"
3623 富晶通,9/20/2019,29,"15,720"
3624 光頡,9/20/2019,117,"49,563"
3625 西勝,9/20/2019,82,"11,930"
3628 盈正,9/20/2019,45,"28,032"
3629 地心引力,9/20/2019,16,"4,457"
3630 新鉅科,9/20/2019,185,"60,119"
3631 晟楠,9/20/2019,79,"40,455"
3632 研勤,9/20/2019,58,"7,874"
3642 駿熠電,9/20/2019,34,"2,215"
3645 達邁,9/20/2019,129,"20,126"
3646 艾恩特,9/20/2019,39,"4,335"
3652 精聯,9/20/2019,47,"27,867"
3653 健策,9/20/2019,121,"35,434"
3661 世芯-KY,9/20/2019,60,"1,772"
3663 鑫科,9/20/2019,73,"33,543"
3664 安瑞-KY,9/20/2019,51,"3,692"
3665 貿聯-KY,9/20/2019,118,"4,659"
3666 光耀,9/20/2019,48,"23,191"
3669 圓展,9/20/2019,92,"31,391"
3672 康聯訊,9/20/2019,33,"8,255"
3673 TPK-KY,9/20/2019,406,"80,471"
3675 德微,9/20/2019,44,"24,728"
3679 新至陞,9/20/2019,62,"11,389"
3680 家登,9/20/2019,70,"16,192"
3682 亞太電,9/20/2019,"4,298","549,015"
3684 榮昌,9/20/2019,24,"9,668"
3685 元創精密,9/20/2019,79,"40,162"
3686 達能,9/20/2019,349,"6,171"
3687 歐買尬,9/20/2019,30,"4,369"
3689 湧德,9/20/2019,69,"6,466"
3691 碩禾,9/20/2019,63,"33,524"
3693 營邦,9/20/2019,38,"10,538"
3694 海華,9/20/2019,150,"39,246"
3698 隆達,9/20/2019,519,"84,528"
3701 大眾控,9/20/2019,190,"34,527"
3702 大聯大,9/20/2019,"1,679","137,244"
3703 欣陸,9/20/2019,823,"225,184"
3704 合勤控,9/20/2019,441,"132,921"
3705 永信,9/20/2019,266,"50,945"
3706 神達,9/20/2019,"1,077","162,971"
3707 漢磊,9/20/2019,281,"29,151"
3708 上緯投控,9/20/2019,93,"12,587"
3709 鑫聯大投控,9/20/2019,79,"50,873"
3710 連展投控,9/20/2019,207,"20,865"
3711 日月光投控,9/20/2019,"4,325","685,906"
3712 永崴投控,9/20/2019,246,"72,993"
4102 永日,9/20/2019,42,"11,047"
4104 佳醫,9/20/2019,128,"14,941"
4105 東洋,9/20/2019,248,"28,943"
4106 雃博,9/20/2019,100,"28,104"
4107 邦特,9/20/2019,69,"9,625"
4108 懷特,9/20/2019,163,"33,066"
4109 加捷生醫,9/20/2019,68,"2,588"
4111 濟生,9/20/2019,56,"8,035"
4113 聯上,9/20/2019,211,"45,342"
4114 健喬,9/20/2019,230,"31,109"
4116 明基醫,9/20/2019,44,"19,413"
4119 旭富,9/20/2019,79,"25,236"
4120 友華,9/20/2019,86,"13,166"
4121 優盛,9/20/2019,73,"9,660"
4123 晟德,9/20/2019,407,"50,025"
4126 太醫,9/20/2019,66,"7,323"
4127 天良,9/20/2019,45,"4,220"
4128 中天,9/20/2019,425,"34,578"
4129 聯合,9/20/2019,80,"7,984"
4130 健亞,9/20/2019,105,"38,906"
4131 晶宇,9/20/2019,48,"21,292"
4133 亞諾法,9/20/2019,60,"12,748"
4137 麗豐-KY,9/20/2019,79,"28,056"
4138 曜亞,9/20/2019,30,"11,550"
4139 馬光-KY,9/20/2019,41,"4,555"
4141 龍燈-KY,9/20/2019,171,"51,040"
4142 國光生,9/20/2019,362,"76,650"
4144 康聯-KY,9/20/2019,77,337
4147 中裕,9/20/2019,252,"62,219"
4148 全宇生技-KY,9/20/2019,64,"29,560"
4152 台微體,9/20/2019,64,"8,582"
4153 鈺緯,9/20/2019,74,"20,533"
4154 康樂-KY,9/20/2019,24,"3,375"
4155 訊映,9/20/2019,75,"9,947"
4157 太景*-KY,9/20/2019,716,"248,391"
4160 創源,9/20/2019,24,"7,517"
4161 聿新科,9/20/2019,52,"7,345"
4162 智擎,9/20/2019,146,"49,405"
4163 鐿鈦,9/20/2019,40,"5,794"
4164 承業醫,9/20/2019,141,"37,358"
4167 展旺,9/20/2019,268,"16,722"
4168 醣聯,9/20/2019,76,"7,790"
4171 瑞基,9/20/2019,40,"7,039"
4173 久裕,9/20/2019,44,"21,333"
4174 浩鼎,9/20/2019,188,"27,705"
4175 杏一,9/20/2019,30,"11,704"
4183 福永生技,9/20/2019,23,"7,007"
4188 安克,9/20/2019,52,"26,332"
4190 佐登-KY,9/20/2019,60,"1,458"
4192 杏國,9/20/2019,97,"62,234"
4198 環瑞醫,9/20/2019,42,"11,266"
4205 中華食,9/20/2019,80,"19,669"
4207 環泰,9/20/2019,172,"47,159"
4303 信立,9/20/2019,70,"11,557"
4304 勝昱,9/20/2019,36,"6,297"
4305 世坤,9/20/2019,55,"17,524"
4306 炎洲,9/20/2019,571,"80,099"
4401 東隆興,9/20/2019,120,"26,679"
4402 福大,9/20/2019,45,"7,026"
4406 新昕纖,9/20/2019,51,"9,065"
4413 飛寶企業,9/20/2019,31,"6,925"
4414 如興,9/20/2019,903,"178,635"
4415 台原藥,9/20/2019,43,"13,768"
4416 三圓,9/20/2019,60,"11,129"
4417 金洲,9/20/2019,83,"12,616"
4419 元勝,9/20/2019,32,"13,461"
4420 光明,9/20/2019,40,"17,202"
4426 利勤,9/20/2019,161,"34,620"
4429 聚紡,9/20/2019,34,"8,327"
4430 耀億,9/20/2019,56,"15,353"
4432 銘旺實,9/20/2019,50,"24,501"
4433 興采,9/20/2019,45,"17,515"
4438 廣越,9/20/2019,103,"44,834"
4502 健信,9/20/2019,46,"11,895"
4503 金雨,9/20/2019,39,"6,318"
4506 崇友,9/20/2019,177,"103,949"
4510 高鋒,9/20/2019,108,"19,235"
4513 福裕,9/20/2019,76,"11,762"
4523 永彰,9/20/2019,64,"27,555"
4526 東台,9/20/2019,254,"34,126"
4527 方土霖,9/20/2019,76,"27,089"
4528 江興鍛,9/20/2019,76,"35,796"
4529 淳紳,9/20/2019,83,"21,278"
4530 宏易,9/20/2019,46,"8,077"
4532 瑞智,9/20/2019,506,"185,149"
4533 協易機,9/20/2019,158,"13,681"
4534 慶騰,9/20/2019,91,"18,743"
4535 至興,9/20/2019,75,"31,713"
4536 拓凱,9/20/2019,90,"19,475"
4538 大詠城,9/20/2019,47,"17,267"
4540 全球傳動,9/20/2019,96,"13,093"
4541 晟田,9/20/2019,69,"10,727"
4542 科嶠,9/20/2019,28,"4,927"
4543 萬在,9/20/2019,56,"14,081"
4545 銘鈺,9/20/2019,77,"52,950"
4549 桓達,9/20/2019,42,"11,929"
4550 長佳,9/20/2019,37,"6,132"
4551 智伸科,9/20/2019,81,"14,027"
4552 力達-KY,9/20/2019,100,"47,940"
4554 橙的,9/20/2019,21,"9,090"
4555 氣立,9/20/2019,66,"19,651"
4556 旭然,9/20/2019,41,"13,860"
4557 永新-KY,9/20/2019,39,"12,039"
4560 強信-KY,9/20/2019,66,"27,272"
4561 健椿,9/20/2019,58,"18,038"
4562 穎漢,9/20/2019,67,"16,302"
4563 百德,9/20/2019,39,"18,565"
4564 元翎,9/20/2019,177,"33,056"
4566 時碩工業,9/20/2019,66,"22,618"
4568 科際精密,9/20/2019,30,"7,000"
4571 鈞興-KY,9/20/2019,47,"6,358"
4572 駐龍,9/20/2019,35,"7,820"
4576 大銀微系統,9/20/2019,117,"40,377"
4609 唐鋒,9/20/2019,47,"6,706"
4702 中美實,9/20/2019,225,"95,877"
4706 大恭,9/20/2019,79,"35,719"
4707 磐亞,9/20/2019,286,"32,455"
4711 永純,9/20/2019,61,"12,920"
4712 南璋,9/20/2019,65,"14,052"
4714 永捷,9/20/2019,102,"20,951"
4716 大立,9/20/2019,75,"5,593"
4720 德淵,9/20/2019,88,"29,297"
4721 美琪瑪,9/20/2019,74,"12,812"
4722 國精化,9/20/2019,100,"11,900"
4725 信昌化,9/20/2019,291,"116,791"
4726 永昕,9/20/2019,127,"32,835"
4728 雙美,9/20/2019,54,"14,989"
4729 熒茂,9/20/2019,104,"38,600"
4735 豪展,9/20/2019,33,"8,894"
4736 泰博,9/20/2019,82,"26,149"
4737 華廣,9/20/2019,59,"24,527"
4739 康普,9/20/2019,93,"15,781"
4741 泓瀚,9/20/2019,32,"6,459"
4743 合一,9/20/2019,359,"78,827"
4744 皇將,9/20/2019,46,"5,006"
4745 合富-KY,9/20/2019,73,"18,563"
4746 台耀,9/20/2019,99,"14,903"
4747 強生,9/20/2019,30,"9,501"
4754 國碳科,9/20/2019,18,"5,757"
4755 三福化,9/20/2019,90,"46,379"
4760 勤凱,9/20/2019,29,"3,143"
4763 材料-KY,9/20/2019,51,"27,666"
4764 雙鍵,9/20/2019,76,"7,201"
4766 南寶,9/20/2019,120,"30,521"
4767 誠泰科技,9/20/2019,31,"5,482"
4803 VHQ-KY,9/20/2019,39,"9,282"
4804 大略-KY,9/20/2019,44,"8,765"
4806 昇華,9/20/2019,41,"2,534"
4807 日成-KY,9/20/2019,38,"17,788"
4903 聯光通,9/20/2019,90,93
4904 遠傳,9/20/2019,"3,258","1,073,499"
4905 台聯電,9/20/2019,37,"10,732"
4906 正文,9/20/2019,362,"14,276"
4907 富宇,9/20/2019,118,"9,398"
4908 前鼎,9/20/2019,78,"10,923"
4909 新復興,9/20/2019,93,"11,477"
4911 德英,9/20/2019,55,"13,925"
4912 聯德控股-KY,9/20/2019,47,"19,466"
4915 致伸,9/20/2019,446,"20,356"
4916 事欣科,9/20/2019,83,"8,118"
4919 新唐,9/20/2019,287,"126,873"
4924 欣厚-KY,9/20/2019,37,"2,769"
4927 泰鼎-KY,9/20/2019,189,"2,983"
4930 燦星網,9/20/2019,134,"59,626"
4931 新盛力,9/20/2019,61,"25,088"
4933 友輝,9/20/2019,78,"38,772"
4934 太極,9/20/2019,356,"99,802"
4935 茂林-KY,9/20/2019,130,"23,405"
4938 和碩,9/20/2019,"2,611","102,708"
4939 亞電,9/20/2019,98,"9,135"
4942 嘉彰,9/20/2019,142,"22,493"
4943 康控-KY,9/20/2019,132,"47,303"
4944 兆遠,9/20/2019,207,"90,016"
4946 辣椒,9/20/2019,27,"5,240"
4947 昂寶-KY,9/20/2019,55,"17,466"
4950 牧東,9/20/2019,45,"12,034"
4952 凌通,9/20/2019,108,"39,091"
4953 緯軟,9/20/2019,66,"19,688"
4956 光鋐,9/20/2019,100,"11,007"
4958 臻鼎-KY,9/20/2019,902,"316,354"
4960 誠美材,9/20/2019,665,"62,843"
4961 天鈺,9/20/2019,162,"28,067"
4966 譜瑞-KY,9/20/2019,79,"5,538"
4967 十銓,9/20/2019,68,"5,504"
4968 立積,9/20/2019,61,"5,079"
4971 IET-KY,9/20/2019,36,224
4972 湯石照明,9/20/2019,40,"4,694"
4973 廣穎,9/20/2019,63,"6,253"
4974 亞泰,9/20/2019,72,"19,028"
4976 佳凌,9/20/2019,117,"27,831"
4977 眾達-KY,9/20/2019,66,"11,622"
4979 華星光,9/20/2019,105,"25,099"
4987 科誠,9/20/2019,25,"4,951"
4989 榮科,9/20/2019,153,"99,447"
4991 環宇-KY,9/20/2019,90,"2,325"
4994 傳奇,9/20/2019,110,"35,790"
4995 晶達,9/20/2019,41,"9,907"
4999 鑫禾,9/20/2019,74,"12,336"
5007 三星,9/20/2019,294,"25,765"
5009 榮剛,9/20/2019,466,"17,437"
5011 久陽,9/20/2019,41,"17,328"
5013 強新,9/20/2019,133,"22,038"
5014 建錩,9/20/2019,165,"26,082"
5015 華祺,9/20/2019,60,"12,612"
5016 松和,9/20/2019,49,"11,577"
5102 富強,9/20/2019,64,"28,537"
5201 凱衛,9/20/2019,30,"6,106"
5202 力新,9/20/2019,59,"8,041"
5203 訊連,9/20/2019,83,"15,571"
5205 中茂,9/20/2019,17,390
5206 坤悅,9/20/2019,148,"40,017"
5209 新鼎,9/20/2019,23,"11,861"
5210 寶碩,9/20/2019,63,"27,212"
5211 蒙恬,9/20/2019,32,"7,353"
5212 凌網,9/20/2019,34,"14,699"
5213 亞昕,9/20/2019,346,"130,377"
5215 科嘉-KY,9/20/2019,54,"8,968"
5220 萬達光電,9/20/2019,39,"8,108"
5223 安力-KY,9/20/2019,43,"19,944"
5225 東科-KY,9/20/2019,61,"2,994"
5227 立凱-KY,9/20/2019,241,"1,171"
5230 雷笛克光學,9/20/2019,49,"4,923"
5234 達興材料,9/20/2019,102,"45,069"
5243 乙盛-KY,9/20/2019,168,"59,996"
5245 智晶,9/20/2019,44,"7,448"
5251 天鉞電,9/20/2019,35,"10,993"
5258 虹堡,9/20/2019,89,"15,251"
5259 奕智博,9/20/2019,42,827
5263 智崴,9/20/2019,55,"11,589"
5264 鎧勝-KY,9/20/2019,420,"246,455"
5269 祥碩,9/20/2019,60,"24,458"
5272 笙科,9/20/2019,56,"5,112"
5274 信驊,9/20/2019,34,"9,824"
5276 達輝-KY,9/20/2019,39,"16,321"
5278 尚凡,9/20/2019,14,"5,401"
5281 大峽谷-KY,9/20/2019,37,"14,254"
5283 禾聯碩,9/20/2019,76,"20,911"
5284 jpp-KY,9/20/2019,39,"14,915"
5285 界霖,9/20/2019,94,"17,484"
5287 數字,9/20/2019,42,"6,416"
5288 豐祥-KY,9/20/2019,65,"38,602"
5289 宜鼎,9/20/2019,79,"10,839"
5291 邑昇,9/20/2019,36,"5,710"
5299 杰力,9/20/2019,35,"3,877"
5301 寶得利,9/20/2019,137,"15,831"
5302 太欣,9/20/2019,162,"29,045"
5304 鼎創達,9/20/2019,326,"2,535"
5305 敦南,9/20/2019,312,"18,601"
5306 桂盟,9/20/2019,126,"48,495"
5309 系統電,9/20/2019,151,"13,150"
5310 天剛,9/20/2019,49,"5,208"
5312 寶島科,9/20/2019,60,"13,473"
5314 世紀,9/20/2019,60,"8,283"
5315 光聯,9/20/2019,106,"12,611"
5321 友銓,9/20/2019,31,"5,791"
5324 士開,9/20/2019,106,"12,682"
5328 華容,9/20/2019,172,"63,765"
5340 建榮,9/20/2019,194,"95,208"
5344 立衛,9/20/2019,79,"55,143"
5345 天揚,9/20/2019,60,"22,134"
5347 世界,9/20/2019,"1,638","738,253"
5348 系通,9/20/2019,25,"5,043"
5349 先豐,9/20/2019,224,"41,754"
5351 鈺創,9/20/2019,435,"31,281"
5353 台林,9/20/2019,75,"21,729"
5355 佳總,9/20/2019,166,"11,543"
5356 協益,9/20/2019,103,"8,100"
5364 力麗店,9/20/2019,14,"2,180"
5371 中光電,9/20/2019,434,"22,984"
5381 合正,9/20/2019,180,"26,932"
5383 金利,9/20/2019,49,"16,671"
5386 青雲,9/20/2019,22,"7,083"
5388 中磊,9/20/2019,245,"12,715"
5392 應華,9/20/2019,166,"31,340"
5398 慕康生醫,9/20/2019,49,"9,753"
5403 中菲,9/20/2019,62,"7,719"
5410 國眾,9/20/2019,85,"10,232"
5425 台半,9/20/2019,242,"25,259"
5426 振發,9/20/2019,143,"15,898"
5432 達威,9/20/2019,20,"5,015"
5434 崇越,9/20/2019,181,"19,221"
5438 東友,9/20/2019,112,"25,550"
5439 高技,9/20/2019,85,"11,856"
5443 均豪,9/20/2019,165,"33,230"
5450 寶聯通,9/20/2019,122,"91,698"
5452 佶優,9/20/2019,148,"35,614"
5455 昇益,9/20/2019,65,"1,236"
5457 宣德,9/20/2019,167,"59,995"
5460 同協,9/20/2019,72,"10,652"
5464 霖宏,9/20/2019,71,"27,421"
5465 富驊,9/20/2019,164,"86,050"
5468 凱鈺,9/20/2019,69,"45,689"
5469 瀚宇博,9/20/2019,459,"123,293"
5471 松翰,9/20/2019,167,"17,857"
5474 聰泰,9/20/2019,33,"9,036"
5475 德宏,9/20/2019,173,"10,540"
5478 智冠,9/20/2019,127,"21,605"
5481 新華,9/20/2019,74,"6,251"
5483 中美晶,9/20/2019,586,"60,648"
5484 慧友,9/20/2019,115,"14,753"
5487 通泰,9/20/2019,22,"5,335"
5488 松普,9/20/2019,91,"13,813"
5489 彩富,9/20/2019,102,"35,510"
5490 同亨,9/20/2019,94,"7,677"
5493 三聯,9/20/2019,44,"7,023"
5498 凱崴,9/20/2019,164,"21,994"
5508 永信建,9/20/2019,217,"89,085"
5511 德昌,9/20/2019,113,"22,444"
5512 力麒,9/20/2019,743,"24,698"
5514 三豐,9/20/2019,176,"25,467"
5515 建國,9/20/2019,334,"80,379"
5516 雙喜,9/20/2019,38,"8,528"
5519 隆大,9/20/2019,208,"29,313"
5520 力泰,9/20/2019,60,"22,462"
5521 工信,9/20/2019,347,"15,914"
5522 遠雄,9/20/2019,806,"278,597"
5523 豐謙,9/20/2019,155,"36,669"
5525 順天,9/20/2019,244,"42,470"
5529 志嘉,9/20/2019,124,"41,124"
5530 龍巖,9/20/2019,420,"21,063"
5531 鄉林,9/20/2019,982,"251,673"
5533 皇鼎,9/20/2019,285,"82,008"
5534 長虹,9/20/2019,290,"28,974"
5536 聖暉,9/20/2019,54,"4,390"
5538 東明-KY,9/20/2019,168,"51,491"
5543 崇佑-KY,9/20/2019,35,"2,085"
5601 台聯櫃,9/20/2019,64,"16,931"
5603 陸海,9/20/2019,78,"15,370"
5604 中連貨,9/20/2019,108,"10,376"
5607 遠雄港,9/20/2019,229,"39,516"
5608 四維航,9/20/2019,279,"34,918"
5609 中菲行,9/20/2019,126,"14,788"
5701 劍湖山,9/20/2019,253,"26,950"
5703 亞都,9/20/2019,70,"27,554"
5704 老爺知,9/20/2019,38,"15,117"
5706 鳳凰,9/20/2019,61,"15,230"
5820 日盛金,9/20/2019,"3,711","2,211,575"
5864 致和證,9/20/2019,237,"50,719"
5871 中租-KY,9/20/2019,"1,328","61,677"
5876 上海商銀,9/20/2019,"4,481","167,563"
5878 台名,9/20/2019,25,"9,074"
5880 合庫金,9/20/2019,"12,945","3,582,683"
5902 德記,9/20/2019,94,"60,735"
5903 全家,9/20/2019,223,"119,019"
5904 寶雅,9/20/2019,97,"22,298"
5905 南仁湖,9/20/2019,189,"30,498"
5906 台南-KY,9/20/2019,30,"19,581"
5907 大洋-KY,9/20/2019,195,"98,786"
6005 群益證,9/20/2019,"2,320","70,707"
6015 宏遠證,9/20/2019,355,"34,900"
6016 康和證,9/20/2019,623,"27,785"
6020 大展證,9/20/2019,252,"66,260"
6021 大慶證,9/20/2019,306,"165,510"
6023 元大期,9/20/2019,232,"159,467"
6024 群益期,9/20/2019,176,"99,185"
6026 福邦證,9/20/2019,243,"22,691"
6101 寬魚國際,9/20/2019,116,"24,653"
6103 合邦,9/20/2019,57,"35,345"
6104 創惟,9/20/2019,90,"8,151"
6108 競國,9/20/2019,159,"21,512"
6109 亞元,9/20/2019,57,"8,345"
6111 大宇資,9/20/2019,49,"10,062"
6112 聚碩,9/20/2019,188,"9,119"
6113 亞矽,9/20/2019,50,"14,237"
6114 久威,9/20/2019,43,"23,669"
6115 鎰勝,9/20/2019,187,"23,837"
6116 彩晶,9/20/2019,"3,133","272,252"
6117 迎廣,9/20/2019,88,"34,214"
6118 建達,9/20/2019,90,"28,767"
6120 達運,9/20/2019,665,"190,671"
6121 新普,9/20/2019,184,"10,156"
6122 擎邦,9/20/2019,68,"10,198"
6123 上奇,9/20/2019,59,"7,181"
6124 業強,9/20/2019,182,"40,065"
6125 廣運,9/20/2019,249,"54,319"
6126 信音,9/20/2019,136,"23,643"
6127 九豪,9/20/2019,108,"12,194"
6128 上福,9/20/2019,127,"36,807"
6129 普誠,9/20/2019,180,"18,453"
6130 星寶國際,9/20/2019,27,"11,501"
6131 悠克,9/20/2019,101,11
6133 金橋,9/20/2019,117,"3,968"
6134 萬旭,9/20/2019,94,"44,185"
6136 富爾特,9/20/2019,115,"14,337"
6138 茂達,9/20/2019,73,"6,537"
6139 亞翔,9/20/2019,225,"50,697"
6140 訊達,9/20/2019,38,"10,864"
6141 柏承,9/20/2019,129,"21,414"
6142 友勁,9/20/2019,268,"29,025"
6143 振曜,9/20/2019,83,"16,326"
6144 得利影,9/20/2019,73,"38,036"
6146 耕興,9/20/2019,92,"26,349"
6147 頎邦,9/20/2019,654,"16,428"
6148 驊宏資,9/20/2019,47,"5,611"
6150 撼訊,9/20/2019,33,"3,958"
6151 晉倫,9/20/2019,55,"9,043"
6152 百一,9/20/2019,167,"10,311"
6153 嘉聯益,9/20/2019,500,"18,345"
6154 順發,9/20/2019,80,"15,142"
6155 鈞寶,9/20/2019,86,"20,527"
6156 松上,9/20/2019,81,"9,804"
6158 禾昌,9/20/2019,105,"8,395"
6160 欣技,9/20/2019,68,"15,794"
6161 捷波,9/20/2019,83,"19,100"
6163 華電網,9/20/2019,122,"10,771"
6164 華興,9/20/2019,100,"10,170"
6165 捷泰,9/20/2019,49,38
6166 凌華,9/20/2019,217,"37,282"
6167 久正,9/20/2019,162,"26,187"
6168 宏齊,9/20/2019,206,"32,669"
6169 昱泉,9/20/2019,37,"9,423"
6170 統振,9/20/2019,89,"14,137"
6171 亞銳士,9/20/2019,75,"34,320"
6172 互億,9/20/2019,30,"6,516"
6173 信昌電,9/20/2019,172,"76,558"
6174 安碁,9/20/2019,50,"14,794"
6175 立敦,9/20/2019,136,"45,908"
6176 瑞儀,9/20/2019,465,"18,788"
6177 達麗,9/20/2019,256,"19,958"
6179 亞通,9/20/2019,74,"11,356"
6180 橘子,9/20/2019,175,"36,879"
6182 合晶,9/20/2019,510,"23,293"
6183 關貿,9/20/2019,150,"73,448"
6184 大豐電,9/20/2019,158,"18,466"
6185 幃翔,9/20/2019,149,"17,070"
6186 新潤,9/20/2019,100,"29,607"
6187 萬潤,9/20/2019,83,"19,468"
6188 廣明,9/20/2019,278,"84,214"
6189 豐藝,9/20/2019,179,"18,007"
6190 萬泰科,9/20/2019,140,"12,876"
6191 精成科,9/20/2019,515,"211,206"
6192 巨路,9/20/2019,106,"9,760"
6194 育富,9/20/2019,78,"13,653"
6195 詩肯,9/20/2019,46,"15,444"
6196 帆宣,9/20/2019,186,"101,122"
6197 佳必琪,9/20/2019,122,"28,715"
6198 凌泰,9/20/2019,20,"2,961"
6199 天品,9/20/2019,61,"37,936"
6201 亞弘電,9/20/2019,89,"31,498"
6202 盛群,9/20/2019,226,"19,818"
6203 海韻電,9/20/2019,79,"27,605"
6204 艾華,9/20/2019,36,"11,729"
6205 詮欣,9/20/2019,71,"9,485"
6206 飛捷,9/20/2019,143,"27,604"
6207 雷科,9/20/2019,83,"8,660"
6208 日揚,9/20/2019,98,"18,204"
6209 今國光,9/20/2019,163,"27,312"
6210 慶生,9/20/2019,35,"6,935"
6212 理銘,9/20/2019,102,"10,125"
6213 聯茂,9/20/2019,302,"33,217"
6214 精誠,9/20/2019,269,"24,988"
6215 和椿,9/20/2019,82,"15,877"
6216 居易,9/20/2019,84,"17,145"
6217 中探針,9/20/2019,64,"8,655"
6218 豪勉,9/20/2019,64,"7,285"
6219 富旺,9/20/2019,154,"47,695"
6220 岳豐,9/20/2019,124,"16,956"
6221 晉泰,9/20/2019,39,"18,215"
6222 上揚,9/20/2019,48,"20,719"
6223 旺矽,9/20/2019,79,"9,557"
6224 聚鼎,9/20/2019,80,"21,429"
6225 天瀚,9/20/2019,119,"31,905"
6226 光鼎,9/20/2019,114,"13,583"
6227 茂綸,9/20/2019,76,"45,913"
6228 全譜,9/20/2019,28,"12,962"
6229 研通,9/20/2019,36,"8,939"
6230 超眾,9/20/2019,86,"50,198"
6231 系微,9/20/2019,38,"9,644"
6233 旺玖,9/20/2019,82,"8,586"
6234 高僑,9/20/2019,92,"16,153"
6235 華孚,9/20/2019,168,"45,318"
6236 康呈,9/20/2019,31,"24,600"
6237 驊訊,9/20/2019,79,"9,817"
6238 勝麗,9/20/2019,57,"12,793"
6239 力成,9/20/2019,779,"38,077"
6240 松崗,9/20/2019,23,"8,240"
6241 易通展,9/20/2019,23,"11,630"
6242 立康,9/20/2019,22,"4,151"
6243 迅杰,9/20/2019,74,"5,408"
6244 茂迪,9/20/2019,540,"26,365"
6245 立端,9/20/2019,118,"16,362"
6246 臺龍,9/20/2019,29,"5,033"
6247 淇譽電,9/20/2019,60,"22,597"
6248 沛波,9/20/2019,30,"13,677"
6251 定穎,9/20/2019,281,"16,413"
6257 矽格,9/20/2019,395,"19,848"
6259 百徽,9/20/2019,111,"21,213"
6261 久元,9/20/2019,128,"15,074"
6263 普萊德,9/20/2019,62,"24,098"
6264 富裔,9/20/2019,116,"41,408"
6265 方土昶,9/20/2019,118,"22,352"
6266 泰詠,9/20/2019,98,"15,993"
6269 台郡,9/20/2019,329,"24,024"
6270 倍微,9/20/2019,72,"14,530"
6271 同欣電,9/20/2019,165,"28,426"
6274 台燿,9/20/2019,255,"12,324"
6275 元山,9/20/2019,69,"8,716"
6276 安鈦克,9/20/2019,33,"7,593"
6277 宏正,9/20/2019,119,"13,963"
6278 台表科,9/20/2019,292,"25,293"
6279 胡連,9/20/2019,97,"18,670"
6281 全國電,9/20/2019,99,"22,731"
6282 康舒,9/20/2019,516,"121,998"
6283 淳安,9/20/2019,148,"65,546"
6284 佳邦,9/20/2019,147,"62,167"
6285 啟碁,9/20/2019,390,"97,761"
6287 元隆,9/20/2019,438,"58,276"
6288 聯嘉,9/20/2019,171,"44,931"
6289 華上,9/20/2019,269,"23,446"
6290 良維,9/20/2019,143,"12,175"
6291 沛亨,9/20/2019,27,"13,081"
6292 迅德,9/20/2019,46,"16,651"
6294 智基,9/20/2019,23,"8,088"
6404 通訊-KY,9/20/2019,37,"8,465"
6405 悅城,9/20/2019,65,"8,954"
6409 旭隼,9/20/2019,83,"15,093"
6411 晶焱,9/20/2019,79,"9,594"
6412 群電,9/20/2019,386,"194,884"
6414 樺漢,9/20/2019,83,"29,865"
6415 矽力-KY,9/20/2019,90,"11,037"
6416 瑞祺電通,9/20/2019,68,"20,688"
6417 韋僑,9/20/2019,35,"10,214"
6418 詠昇,9/20/2019,34,"7,680"
6419 京晨科,9/20/2019,27,"8,671"
6425 易發,9/20/2019,42,"5,790"
6426 統新,9/20/2019,33,"5,686"
6431 光麗-KY,9/20/2019,45,"18,989"
6432 今展科,9/20/2019,22,"5,368"
6435 大中,9/20/2019,33,"15,079"
6438 迅得,9/20/2019,57,"5,423"
6441 廣錠,9/20/2019,30,"18,526"
6442 光聖,9/20/2019,69,"9,482"
6443 元晶,9/20/2019,379,"34,861"
6446 藥華藥,9/20/2019,219,"40,043"
6449 鈺邦,9/20/2019,84,"20,510"
6451 訊芯-KY,9/20/2019,105,"63,965"
6452 康友-KY,9/20/2019,78,"2,037"
6456 GIS-KY,9/20/2019,339,"79,855"
6457 紘康,9/20/2019,29,"4,140"
6461 益得,9/20/2019,80,"35,517"
6462 神盾,9/20/2019,71,"6,367"
6464 台數科,9/20/2019,122,"15,456"
6465 威潤,9/20/2019,32,"6,281"
6469 大樹,9/20/2019,41,"11,978"
6470 宇智,9/20/2019,32,"4,588"
6472 保瑞,9/20/2019,38,"11,888"
6477 安集,9/20/2019,94,"21,193"
6482 弘煜科,9/20/2019,17,"9,340"
6485 點序,9/20/2019,39,"5,279"
6486 互動,9/20/2019,36,"17,484"
6488 環球晶,9/20/2019,437,"224,242"
6492 生華科,9/20/2019,74,"9,086"
6494 九齊,9/20/2019,31,"2,514"
6496 科懋,9/20/2019,46,"18,033"
6497 亞獅康-KY　,9/20/2019,160,"16,806"
6499 益安,9/20/2019,66,"41,009"
6504 南六,9/20/2019,72,"14,753"
6505 台塑化,9/20/2019,"9,525","7,222,723"
6506 雙邦,9/20/2019,82,"17,240"
6508 惠光,9/20/2019,84,"25,827"
6509 聚和,9/20/2019,176,"8,068"
6510 精測,9/20/2019,32,"12,522"
6512 啟發電,9/20/2019,25,"3,620"
6514 芮特-KY,9/20/2019,30,"17,882"
6516 勤崴國際,9/20/2019,35,"11,391"
6523 達爾膚,9/20/2019,45,"27,825"
6525 捷敏-KY,9/20/2019,129,"66,466"
6530 創威,9/20/2019,33,"7,432"
6531 愛普,9/20/2019,73,"17,716"
6532 瑞耘,9/20/2019,31,"4,056"
6533 晶心科,9/20/2019,42,"9,964"
6535 順藥,9/20/2019,117,"37,422"
6538 倉和,9/20/2019,30,"4,750"
6541 泰福-KY,9/20/2019,244,"106,189"
6542 隆中,9/20/2019,42,"12,169"
6547 高端疫苗,9/20/2019,156,"55,809"
6548 長科*,9/20/2019,364,"20,715"
6552 易華電,9/20/2019,100,"54,808"
6556 勝品,9/20/2019,28,"3,587"
6558 興能高,9/20/2019,87,"20,779"
6560 欣普羅,9/20/2019,17,"3,544"
6561 是方,9/20/2019,69,"39,535"
6568 宏觀,9/20/2019,25,"2,937"
6569 醫揚,9/20/2019,22,"11,153"
6570 維田,9/20/2019,27,"4,365"
6573 虹揚-KY,9/20/2019,67,605
6574 霈方,9/20/2019,21,"9,825"
6576 逸達,9/20/2019,100,"29,686"
6577 勁豐,9/20/2019,38,"25,328"
6578 達邦蛋白,9/20/2019,29,"6,584"
6579 研揚,9/20/2019,148,"89,969"
6581 鋼聯,9/20/2019,111,"76,373"
6582 申豐,9/20/2019,104,"53,719"
6589 台康生技,9/20/2019,169,"52,851"
6590 普鴻,9/20/2019,15,"5,904"
6591 動力-KY,9/20/2019,26,"6,621"
6593 台灣銘板,9/20/2019,19,"7,489"
6594 展匯科,9/20/2019,20,"11,171"
6596 寬宏藝術,9/20/2019,25,"6,812"
6603 富強鑫,9/20/2019,147,"30,150"
6605 帝寶,9/20/2019,165,"36,467"
6609 瀧澤科,9/20/2019,72,"32,814"
6612 奈米醫材,9/20/2019,33,"6,082"
6613 朋億,9/20/2019,33,"21,098"
6615 慧智,9/20/2019,21,"2,937"
6616 特昇-KY,9/20/2019,23,"13,834"
6624 萬年清,9/20/2019,18,"4,621"
6625 必應,9/20/2019,37,"7,684"
6629 泰金-KY,9/20/2019,33,488
6640 均華,9/20/2019,28,"16,719"
6641 基士德-KY,9/20/2019,34,"9,918"
6643 M31,9/20/2019,31,"6,965"
6649 台生材,9/20/2019,33,"5,667"
6654 天正國際,9/20/2019,33,"19,070"
6655 科定,9/20/2019,75,"15,812"
6662 樂斯科,9/20/2019,25,"5,830"
6664 群翊,9/20/2019,55,"11,141"
6666 羅麗芬-KY,9/20/2019,47,"20,784"
6667 信紘科,9/20/2019,34,"6,491"
6668 中揚光,9/20/2019,68,"24,601"
6669 緯穎,9/20/2019,174,"82,782"
6670 復盛應用,9/20/2019,131,"10,247"
6671 三能-KY,9/20/2019,60,356
6672 騰輝電子-KY,9/20/2019,70,"15,167"
6674 鋐寶科技,9/20/2019,67,"32,635"
6679 鈺太,9/20/2019,41,"4,903"
6680 鑫創電子,9/20/2019,17,"3,625"
6683 雍智科技,9/20/2019,27,"4,750"
6803 崑鼎,9/20/2019,67,"39,517"
7402 邑錡,9/20/2019,22,"6,288"
8011 台通,9/20/2019,118,"29,036"
8016 矽創,9/20/2019,120,"7,578"
8021 尖點,9/20/2019,142,"15,674"
8024 佑華,9/20/2019,45,"8,253"
8027 鈦昇,9/20/2019,79,"7,111"
8028 昇陽半導體,9/20/2019,132,"11,063"
8032 光菱,9/20/2019,51,"32,928"
8033 雷虎,9/20/2019,112,"5,705"
8034 榮群,9/20/2019,62,"6,658"
8038 長園科,9/20/2019,60,"6,232"
8039 台虹,9/20/2019,209,"21,926"
8040 九暘,9/20/2019,82,"7,643"
8042 金山電,9/20/2019,122,"14,210"
8043 蜜望實,9/20/2019,79,"12,470"
8044 網家,9/20/2019,117,"20,501"
8046 南電,9/20/2019,646,"433,438"
8047 星雲,9/20/2019,41,"15,990"
8048 德勝,9/20/2019,53,"7,558"
8049 晶采,9/20/2019,118,"11,621"
8050 廣積,9/20/2019,176,"59,373"
8054 安國,9/20/2019,75,"2,782"
8059 凱碩,9/20/2019,86,"27,459"
8064 東捷,9/20/2019,164,"25,709"
8066 來思達,9/20/2019,30,"6,445"
8067 志旭,9/20/2019,30,"13,731"
8068 全達,9/20/2019,68,"14,410"
8069 元太,9/20/2019,"1,140","133,573"
8070 長華,9/20/2019,63,"24,236"
8071 能率網通,9/20/2019,51,"7,258"
8072 陞泰,9/20/2019,80,"31,337"
8074 鉅橡,9/20/2019,86,"10,407"
8076 伍豐,9/20/2019,259,"26,210"
8077 洛碁,9/20/2019,109,"68,560"
8080 奧斯特,9/20/2019,83,"7,471"
8081 致新,9/20/2019,86,"8,960"
8083 瑞穎,9/20/2019,35,"6,391"
8084 巨虹,9/20/2019,67,"18,719"
8085 福華,9/20/2019,157,"18,956"
8086 宏捷科,9/20/2019,144,"8,866"
8087 華鎂鑫,9/20/2019,29,"9,918"
8088 品安,9/20/2019,60,"16,364"
8091 翔名,9/20/2019,44,"4,184"
8092 建暐,9/20/2019,38,"11,163"
8093 保銳,9/20/2019,64,"16,079"
8096 擎亞,9/20/2019,139,"29,434"
8097 常珵,9/20/2019,26,"3,562"
8099 大世科,9/20/2019,70,"37,822"
8101 華冠,9/20/2019,208,"94,852"
8103 瀚荃,9/20/2019,81,"8,081"
8104 錸寶,9/20/2019,67,"27,717"
8105 凌巨,9/20/2019,441,"152,982"
8107 大億金茂,9/20/2019,75,"12,720"
8109 博大,9/20/2019,72,"17,866"
8110 華東,9/20/2019,506,"169,473"
8111 立碁,9/20/2019,114,"18,596"
8112 至上,9/20/2019,378,"20,879"
8114 振樺電,9/20/2019,74,"7,104"
8121 越峰,9/20/2019,182,"49,251"
8131 福懋科,9/20/2019,442,"291,371"
8147 正淩,9/20/2019,30,"5,578"
8150 南茂,9/20/2019,739,"161,423"
8155 博智,9/20/2019,49,"14,358"
8163 達方,9/20/2019,280,"64,108"
8171 天宇,9/20/2019,50,"7,208"
8176 智捷,9/20/2019,72,"7,396"
8182 加高,9/20/2019,107,"58,519"
8183 精星,9/20/2019,121,"40,783"
8201 無敵,9/20/2019,62,"25,509"
8210 勤誠,9/20/2019,119,"16,086"
8213 志超,9/20/2019,271,"15,458"
8215 明基材,9/20/2019,320,"130,340"
8222 寶一,9/20/2019,68,"11,243"
8234 新漢,9/20/2019,141,"6,264"
8240 華宏,9/20/2019,100,"29,420"
8249 菱光,9/20/2019,127,"32,881"
8255 朋程,9/20/2019,90,"16,385"
8261 富鼎,9/20/2019,81,"9,278"
8271 宇瞻,9/20/2019,100,"18,749"
8277 商丞,9/20/2019,91,"11,616"
8279 生展,9/20/2019,27,"10,920"
8287 英格爾,9/20/2019,145,"2,103"
8289 泰藝,9/20/2019,75,"11,053"
8291 尚茂,9/20/2019,76,"44,922"
8299 群聯,9/20/2019,197,"34,945"
8341 日友,9/20/2019,111,"43,199"
8342 益張,9/20/2019,33,"8,917"
8349 恒耀,9/20/2019,116,"22,768"
8354 冠好,9/20/2019,78,"10,968"
8358 金居,9/20/2019,252,"26,903"
8367 建新國際,9/20/2019,81,"35,770"
8374 羅昇,9/20/2019,89,"18,744"
8383 千附,9/20/2019,118,"15,059"
8390 金益鼎,9/20/2019,96,"18,016"
8401 白紗科,9/20/2019,62,"7,978"
8403 盛弘,9/20/2019,102,"30,297"
8404 百和興業-KY,9/20/2019,315,"162,762"
8406 金可-KY,9/20/2019,92,"45,731"
8409 商之器,9/20/2019,28,"4,292"
8410 森田,9/20/2019,36,"8,327"
8411 福貞-KY,9/20/2019,175,"7,605"
8415 大國鋼,9/20/2019,"1,031","455,265"
8416 實威,9/20/2019,28,"5,748"
8418 捷必勝-KY,9/20/2019,75,"52,034"
8420 明揚,9/20/2019,50,"33,216"
8421 旭源,9/20/2019,54,"15,740"
8422 可寧衛,9/20/2019,108,"24,638"
8423 保綠-KY,9/20/2019,22,782
8424 惠普,9/20/2019,36,"19,055"
8426 紅木-KY,9/20/2019,50,"32,189"
8427 基勝-KY,9/20/2019,104,"47,239"
8429 金麗-KY,9/20/2019,185,"45,393"
8431 匯鑽科,9/20/2019,44,"14,086"
8432 東生華,9/20/2019,38,"21,688"
8433 弘帆,9/20/2019,52,"18,161"
8435 鉅邁,9/20/2019,31,"4,868"
8436 大江,9/20/2019,118,"17,840"
8437 大地-KY,9/20/2019,47,"11,189"
8440 綠電,9/20/2019,38,"16,244"
8442 威宏-KY,9/20/2019,49,"18,608"
8443 阿瘦,9/20/2019,66,"8,644"
8444 綠河-KY,9/20/2019,73,"35,413"
8446 華研,9/20/2019,52,"22,004"
8450 霹靂,9/20/2019,51,"6,705"
8454 富邦媒,9/20/2019,140,"92,111"
8455 大拓-KY,9/20/2019,25,"19,925"
8462 柏文,9/20/2019,69,"26,859"
8463 潤泰材,9/20/2019,150,"70,081"
8464 億豐,9/20/2019,293,"82,542"
8466 美吉吉-KY,9/20/2019,66,"30,146"
8467 波力-KY,9/20/2019,49,"5,173"
8472 夠麻吉,9/20/2019,18,"5,243"
8473 山林水,9/20/2019,134,"90,030"
8476 台境,9/20/2019,60,"7,380"
8477 創業家,9/20/2019,24,"4,413"
8478 東哥遊艇,9/20/2019,90,"17,807"
8480 泰昇-KY,9/20/2019,39,"25,477"
8481 政伸,9/20/2019,66,"24,028"
8482 商億-KY,9/20/2019,111,0
8488 吉源-KY,9/20/2019,67,"5,566"
8489 三貝德,9/20/2019,37,"5,666"
8497 格威傳媒,9/20/2019,36,"8,601"
8499 鼎炫-KY,9/20/2019,51,"25,177"
8905 裕國,9/20/2019,119,"29,090"
8906 花王,9/20/2019,34,"4,550"
8908 欣雄,9/20/2019,180,"121,603"
8913 全銓,9/20/2019,69,"35,924"
8916 光隆,9/20/2019,122,"27,734"
8917 欣泰,9/20/2019,122,"36,286"
8921 沈氏,9/20/2019,46,"19,951"
8923 時報,9/20/2019,30,"17,347"
8924 大田,9/20/2019,83,"18,034"
8926 台汽電,9/20/2019,589,"185,360"
8927 北基,9/20/2019,191,"65,301"
8928 鉅明,9/20/2019,50,"11,482"
8929 富堡,9/20/2019,50,"15,209"
8930 青鋼,9/20/2019,79,"6,700"
8931 大汽電,9/20/2019,122,"86,220"
8932 宏大,9/20/2019,48,"11,139"
8933 愛地雅,9/20/2019,220,"62,555"
8934 衡平,9/20/2019,8,"4,010"
8935 邦泰,9/20/2019,84,"12,388"
8936 國統,9/20/2019,245,"29,552"
8937 合騏,9/20/2019,72,"7,556"
8938 明安,9/20/2019,135,"18,121"
8940 新天地,9/20/2019,67,"13,784"
8941 關中,9/20/2019,25,"9,094"
8942 森鉅,9/20/2019,165,"20,084"
8996 高力,9/20/2019,89,"5,406"
9103 美德醫療-DR,9/20/2019,205,"19,508"
910322 康師傅-DR,9/20/2019,20,0
910482 聖馬丁-DR,9/20/2019,238,0
9105 泰金寶-DR,9/20/2019,839,"33,341"
910861 神州-DR,9/20/2019,25,
9110 越南控-DR,9/20/2019,52,50
911608 明輝-DR,9/20/2019,16,
911616 杜康-DR,9/20/2019,130,
911622 泰聚亨-DR,9/20/2019,30,
911868 同方友友-DR,9/20/2019,73,"11,798"
912000 晨訊科-DR,9/20/2019,33,
912398 友佳-DR,9/20/2019,42,
9136 巨騰-DR,9/20/2019,152,"27,204"
9157 陽光能源-DR,9/20/2019,117,"503,314"
9188 精熙-DR,9/20/2019,57,0
9802 鈺齊-KY,9/20/2019,170,"5,061"
9902 台火,9/20/2019,98,"20,471"
9904 寶成,9/20/2019,"2,946","254,094"
9905 大華,9/20/2019,305,"46,744"
9906 欣巴巴,9/20/2019,83,"41,726"
9907 統一實,9/20/2019,"1,579","758,837"
9908 大台北,9/20/2019,516,"94,290"
9910 豐泰,9/20/2019,734,"122,929"
9911 櫻花,9/20/2019,221,"19,568"
9912 偉聯,9/20/2019,54,"4,557"
9914 美利達,9/20/2019,298,"75,823"
9917 中保,9/20/2019,451,"159,948"
9918 欣天然,9/20/2019,180,"74,269"
9919 康那香,9/20/2019,195,"57,938"
9921 巨大,9/20/2019,375,"55,529"
9924 福興,9/20/2019,188,"20,809"
9925 新保,9/20/2019,383,"61,431"
9926 新海,9/20/2019,179,"38,371"
9927 泰銘,9/20/2019,209,"60,843"
9928 中視,9/20/2019,150,"77,372"
9929 秋雨,9/20/2019,168,"25,010"
9930 中聯資源,9/20/2019,248,"170,593"
9931 欣高,9/20/2019,102,"27,934"
9933 中鼎,9/20/2019,763,"61,774"
9934 成霖,9/20/2019,357,"23,368"
9935 慶豐富,9/20/2019,169,"21,232"
9937 全國,9/20/2019,309,"29,569"
9938 百和,9/20/2019,297,"32,102"
9939 宏全,9/20/2019,292,"19,874"
9940 信義,9/20/2019,736,"219,617"
9941 裕融,9/20/2019,302,"138,233"
9942 茂順,9/20/2019,83,"15,645"
9943 好樂迪,9/20/2019,147,"56,363"
9944 新麗,9/20/2019,109,"28,703"
9945 潤泰新,9/20/2019,"1,003","279,263"
9946 三發地產,9/20/2019,300,"42,879"
9949 琉園,9/20/2019,47,"8,804"
9950 萬國通,9/20/2019,147,"87,280"
9951 皇田,9/20/2019,74,"22,242"
9955 佳龍,9/20/2019,103,"38,440"
9958 世紀鋼,9/20/2019,209,"47,949"
9960 邁達康,9/20/2019,33,"7,021"
9962 有益,9/20/2019,90,"14,150"
